City_ID,City,Lat,Lng,Max Temp,Humidity,Cloudiness,Wind Speed,Country,Date
0,kuta,-8.7233,115.1723,26.8,82,39,3.39,ID,1728860082
1,fale old settlement,-9.3852,-171.2468,27.97,77,67,5.71,TK,1728860083
2,waitangi,-43.9535,-176.5597,11.08,81,96,5.55,NZ,1728860084
3,adamstown,-25.066,-130.1015,20.97,81,100,7.24,PN,1728860085
4,iskateley,67.6803,53.1512,1.14,95,70,6.43,RU,1728860086
5,massawa,15.6097,39.45,30.48,73,1,1.44,ER,1728860088
6,vadso,70.0744,29.7487,6.09,81,40,6.17,NO,1728860089
7,port-aux-francais,-49.35,70.2167,3.73,92,93,10.16,TF,1728860090
8,puerto natales,-51.7236,-72.4875,11.25,54,40,13.38,CL,1728860091
9,la ronge,55.1001,-105.2842,9.14,57,75,4.12,CA,1728860092
10,yellowknife,62.456,-114.3525,10.23,77,75,8.75,CA,1728860093
11,iqaluit,63.7506,-68.5145,0.85,86,75,4.63,CA,1728860095
12,mount pearl,47.5166,-52.7813,9.52,84,75,8.23,CA,1728860096
13,barcelos,41.5388,-8.6151,17.46,86,90,1.91,PT,1728860097
14,ushuaia,-54.8,-68.3,7.81,76,75,7.2,AR,1728859969
15,olonkinbyen,70.9221,-8.7187,-1.24,91,100,8.75,SJ,1728860099
16,cidade velha,14.9167,-23.6167,26.26,89,20,1.03,CV,1728860100
17,charef,34.621,2.795,19.81,55,1,6.96,DZ,1728860102
18,enewetak,11.3474,162.3373,28.82,75,82,6.63,MH,1728860103
19,gadzhiyevo,69.2551,33.3362,3.88,85,100,6.26,RU,1728860104
20,lihue,21.9789,-159.3672,28.77,65,20,5.66,US,1728860105
21,port elizabeth,-33.918,25.5701,17.16,92,100,7.2,ZA,1728860107
22,grytviken,-54.2811,-36.5092,-1.0,80,34,4.64,GS,1728860108
23,saint-joseph,-21.3667,55.6167,21.21,70,33,5.33,RE,1728860109
24,fortuna,40.5982,-124.1573,19.08,84,0,4.63,US,1728860110
25,hermanus,-34.4187,19.2345,11.0,84,14,3.59,ZA,1728859829
26,georgetown,5.4112,100.3354,24.97,93,20,1.03,MY,1728860106
27,albany,42.6001,-73.9662,7.23,80,98,1.83,US,1728860079
28,blackmans bay,-43.0167,147.3167,11.96,62,26,0.45,AU,1728860115
29,stanley,54.868,-1.6985,5.01,85,0,1.03,GB,1728860116
30,lebu,-37.6167,-73.65,11.05,84,25,5.38,CL,1728860117
31,brookings,44.3114,-96.7984,12.0,43,0,8.75,US,1728859925
32,pisco,-13.7,-76.2167,20.03,68,0,7.2,PE,1728860120
33,lahaina,20.8783,-156.6825,30.0,75,6,3.93,US,1728860122
34,bredasdorp,-34.5322,20.0403,11.73,91,22,2.96,ZA,1728860123
35,talnakh,69.4865,88.3972,-0.49,97,100,8.68,RU,1728860124
36,mata-utu,-13.2816,-176.1745,27.36,82,99,7.96,WF,1728860125
37,west island,-12.1568,96.8225,25.99,89,40,6.69,CC,1728860126
38,hamilton,39.1834,-84.5333,22.1,51,1,7.15,US,1728859772
39,edinburgh of the seven seas,-37.0676,-12.3116,13.78,81,100,11.49,SH,1728860129
40,longyearbyen,78.2186,15.6401,1.91,75,75,7.72,SJ,1728860130
41,ilulissat,69.2167,-51.1,0.01,80,100,2.57,GL,1728860131
42,avarua,-21.2078,-159.775,25.03,69,75,7.72,CK,1728860132
43,padang,-0.9492,100.3543,24.34,89,100,1.79,ID,1728860133
44,masindi port,1.6961,32.0861,18.49,89,54,1.46,UG,1728860136
45,bethel,41.3712,-73.414,14.85,71,100,3.6,US,1728860137
46,douglas,41.3,-96.167,15.73,35,0,6.69,US,1728860014
47,bilibino,68.0546,166.4372,-6.67,75,100,0.67,RU,1728860139
48,inhambane,-23.865,35.3833,20.82,87,0,2.39,MZ,1728860140
49,klyuchi,52.2667,79.1667,-5.33,81,19,2.08,RU,1728860142
50,lauro de freitas,-12.8944,-38.3272,26.01,78,0,4.63,BR,1728860143
51,egilsstadir,65.2653,-14.3948,-2.05,80,100,3.09,IS,1728860144
52,lata,40.1629,-8.3327,15.4,89,28,1.87,PT,1728860145
53,zuni pueblo,35.0725,-108.8506,26.2,12,100,5.37,US,1728860148
54,vasteras,59.6162,16.5528,8.81,93,75,2.06,SE,1728860149
55,sitia,35.2,26.0986,21.87,75,74,6.66,GR,1728860150
56,port mathurin,-19.6833,63.4167,22.19,74,84,9.8,MU,1728860113
57,mokhsogollokh,61.4681,128.9203,-4.09,79,100,1.83,RU,1728860152
58,thompson,55.7435,-97.8558,2.09,60,75,2.06,CA,1728860153
59,thunder bay,48.4001,-89.3168,9.99,61,100,2.06,CA,1728860154
60,enriquillo,17.9,-71.2333,26.15,87,36,4.47,DO,1728860156
61,afaahiti,-17.75,-149.2833,23.04,76,31,7.47,PF,1728860157
62,aasiaat,68.7098,-52.8699,0.0,73,85,1.69,GL,1728860158
63,mishkino,55.3389,63.9175,-2.57,77,93,1.82,RU,1728860160
64,ibshaway,29.358,30.6814,26.16,56,0,3.82,EG,1728860162
65,isafjordur,66.0755,-23.124,-2.3,68,1,2.54,IS,1728860163
66,invercargill,-46.4,168.35,10.57,76,100,2.24,NZ,1728860164
67,san antonio de pale,-1.4014,5.6325,25.47,85,100,5.43,GQ,1728860165
68,grand falls-windsor,48.9332,-55.6649,7.5,81,63,6.07,CA,1728860166
69,palmer,42.1584,-72.3287,8.24,80,100,4.63,US,1728860167
70,tsiombe,-25.3,45.4833,21.22,48,0,4.21,MG,1728860169
71,nouadhibou,20.931,-17.0347,21.99,88,64,7.2,MR,1728860116
72,tabuk,17.4189,121.4443,24.13,89,63,0.75,PH,1728859998
73,tabou,4.423,-7.3528,23.79,92,100,1.94,CI,1728860172
74,kolosovka,56.4678,73.611,-3.26,70,74,3.05,RU,1728860175
75,victoria,22.2855,114.1577,27.4,79,14,4.02,HK,1728860011
76,kolonia,50.9333,6.95,7.76,88,0,1.03,DE,1728860150
77,thann,47.8167,7.0833,7.54,96,43,1.57,FR,1728860178
78,gamba,-2.65,10.0,24.04,87,100,1.73,GA,1728860055
79,east london,-33.0153,27.9116,19.12,90,84,5.24,ZA,1728860180
80,petropavlovsk-kamchatsky,53.0452,158.6483,6.33,65,75,8.0,RU,1728860182
81,margaret river,-33.95,115.0667,15.68,87,57,4.44,AU,1728860183
82,viana do castelo,41.6932,-8.8329,18.03,86,97,2.46,PT,1728860184
83,naha,26.2125,127.6811,28.88,65,40,1.03,JP,1728860185
84,saipan,15.1355,145.701,29.39,84,40,0.0,MP,1728860186
85,puerto ayora,-0.7393,-90.3518,20.86,95,68,2.24,EC,1728860187
86,hawaiian paradise park,19.5933,-154.9731,28.82,69,40,5.14,US,1728860188
87,cannonvale,-20.2833,148.7,23.66,73,93,8.39,AU,1728860190
88,cidreira,-30.1811,-50.2056,18.88,80,1,11.06,BR,1728860191
89,bengkulu,-3.8004,102.2655,23.5,93,100,0.46,ID,1728859965
90,jamestown,42.097,-79.2353,10.25,100,100,3.09,US,1728860193
91,new norfolk,-42.7826,147.0587,12.18,50,32,1.39,AU,1728860194
92,kailua-kona,19.6406,-155.9956,29.98,73,20,5.14,US,1728860195
93,soata,6.3337,-72.6828,10.04,75,98,3.27,CO,1728860103
94,loukhi,66.0764,33.0381,1.23,95,97,1.73,RU,1728860198
95,novaya igirma,57.1334,103.9112,-5.09,57,100,3.55,RU,1728860199
96,beledweyne,4.7358,45.2036,26.32,64,47,7.54,SO,1728860200
97,laguna,38.421,-121.4238,29.02,43,0,2.57,US,1728860201
98,manay,7.215,126.5397,27.06,75,32,1.39,PH,1728860202
99,tiksi,71.6872,128.8694,-12.5,89,100,4.7,RU,1728860203
100,linares,-35.85,-71.6,14.0,72,100,1.02,CL,1728859999
101,lerwick,60.1545,-1.1494,4.68,55,53,0.45,GB,1728860206
102,papatowai,-46.5619,169.4708,11.25,48,72,1.68,NZ,1728860207
103,darwin,-12.4611,130.8418,29.41,65,20,3.09,AU,1728860208
104,nikolayevsk-on-amure,53.1406,140.73,5.23,60,94,1.72,RU,1728860209
105,severo-yeniseyskiy,60.3725,93.0408,-7.13,92,98,5.62,RU,1728860211
106,gizo,-8.103,156.8419,28.55,73,84,2.72,SB,1728860213
107,tonghae,37.5439,129.1069,17.96,73,100,1.92,KR,1728860214
108,chonchi,-42.6128,-73.8092,12.29,91,88,0.77,CL,1728860215
109,mokopane,-24.1944,29.0097,21.63,39,0,3.94,ZA,1728860216
110,siasi,5.5462,120.8145,27.83,74,83,2.57,PH,1728860217
111,kirensk,57.7853,108.1119,-5.66,67,100,3.98,RU,1728860218
112,dhidhdhoo,6.8833,73.1,27.51,79,100,7.2,MV,1728860220
113,irtyshsk,53.3333,75.4572,-4.11,62,0,3.12,KZ,1728860221
114,shenjiamen,29.9576,122.298,23.57,90,12,3.21,CN,1728860222
115,ribeira grande,38.5167,-28.7,21.54,90,36,9.83,PT,1728860223
116,toliara,-23.35,43.6667,22.02,53,0,2.07,MG,1728860224
117,touros,-5.1989,-35.4608,25.2,81,3,5.83,BR,1728860225
118,vorgashor,67.5833,63.95,-1.3,95,59,6.71,RU,1728860226
119,zouerate,22.7187,-12.4521,29.05,36,67,2.55,MR,1728860228
120,zarate,-34.0981,-59.0286,14.18,96,97,2.1,AR,1728860150
121,yarmouth,41.7057,-70.2286,16.03,88,100,2.57,US,1728860230
122,anadyr,64.75,177.4833,-10.72,79,20,3.0,RU,1728860231
123,kerikeri,-35.2268,173.9474,13.55,66,100,2.44,NZ,1728860232
124,alice springs,-23.7,133.8833,27.75,32,23,3.6,AU,1728860233
125,ust-nera,64.5667,143.2,-7.95,86,80,1.44,RU,1728860234
126,tazacorte,28.629,-17.9293,22.54,77,0,3.6,ES,1728860236
127,i-n-salah,27.1935,2.4607,32.66,14,0,3.43,DZ,1728860237
128,viqueque,-8.8673,126.3658,26.88,76,100,0.68,TL,1728860238
129,eyl,7.9803,49.8164,26.54,78,41,5.12,SO,1728860239
130,moussoro,13.6408,16.4901,29.32,52,100,3.42,TD,1728860240
131,alofi,-19.0595,-169.9187,27.94,74,75,5.14,NU,1728860241
132,kourou,5.1552,-52.6478,27.08,77,18,4.26,GF,1728860243
133,port saint john's,-31.6229,29.5448,20.6,88,51,1.28,ZA,1728860244
134,atafu village,-8.5421,-172.5159,27.88,76,30,5.02,TK,1728860246
135,hadibu,12.65,54.0333,26.46,65,78,0.72,YE,1728860247
136,kuraymah,18.55,31.85,33.03,26,91,3.28,SD,1728860248
137,mabaruma,8.2,-59.7833,24.77,85,100,1.1,GY,1728860249
138,santiago de cao,-7.9589,-79.2392,18.07,88,42,4.63,PE,1728860251
139,pariaman,-0.619,100.12,24.29,86,100,3.53,ID,1728860252
140,jwaneng,-24.6004,24.7303,22.67,24,38,4.5,BW,1728860253
141,ocean shores,46.9737,-124.1563,17.0,86,0,6.17,US,1728860254
142,lodja,-3.4833,23.4333,20.17,99,100,1.09,CD,1728860114
143,loikaw,19.6742,97.2094,18.93,95,52,1.28,MM,1728860256
144,castillos,-34.1667,-53.8333,15.48,77,100,2.78,UY,1728860257
145,betio village,1.358,172.9211,31.02,71,6,7.08,KI,1728860259
146,warmbad,-28.45,18.7333,20.54,37,64,5.92,NA,1728860260
147,puerto baquerizo moreno,-0.9,-89.6,22.55,83,75,4.63,EC,1728860261
148,geraldton,-28.7667,114.6,18.23,68,75,0.51,AU,1728860262
149,verkhnevilyuysk,63.4453,120.3167,-11.74,97,95,1.55,RU,1728860263
150,gowurdak,37.8124,66.0466,18.37,43,56,3.44,TM,1728860264
151,nabire,-3.3667,135.4833,24.46,95,100,1.44,ID,1728860266
152,oranjemund,-28.55,16.4333,15.09,89,71,10.45,NA,1728860267
153,progreso,21.2833,-89.6667,28.31,80,45,3.93,MX,1728860268
154,hithadhoo,-0.6,73.0833,28.07,74,96,4.92,MV,1728860270
155,al mutayrifi,25.4788,49.5576,27.19,68,0,2.01,SA,1728860271
156,kapa'a,22.0752,-159.319,29.18,70,20,5.66,US,1728860273
157,bowen,-20.0167,148.2333,23.41,77,73,8.35,AU,1728860274
158,little falls,40.869,-74.2082,19.63,77,100,3.6,US,1728860019
159,alupka,44.4167,34.05,15.16,78,88,4.45,UA,1728860276
160,at taj,24.2049,23.2857,26.48,22,0,4.12,LY,1728860277
161,gebeit,21.0667,36.3167,26.85,37,21,0.64,SD,1728860278
162,nieuw amsterdam,5.8833,-55.0833,30.01,58,20,2.57,SR,1728860279
163,sinop,41.7711,34.8709,12.13,97,100,1.1,TR,1728860281
164,rio preto da eva,-2.6994,-59.6997,30.39,44,98,0.69,BR,1728860282
165,kudahuvadhoo,2.6708,72.8944,27.6,79,93,6.87,MV,1728860283
166,broken hill,-31.95,141.4333,25.57,16,80,2.2,AU,1728860284
167,college,64.8569,-147.8028,5.05,88,75,0.0,US,1728860140
168,st. john's,47.5649,-52.7093,9.98,83,75,8.23,CA,1728860286
169,bereznik,62.8551,42.7072,3.21,77,100,3.89,RU,1728860288
170,mount gambier,-37.8333,140.7667,15.57,71,19,4.5,AU,1728860289
171,trincomalee,8.5711,81.2335,25.72,79,100,4.18,LK,1728860290
172,lancaster,40.2504,-76.2499,23.23,63,0,4.63,US,1728860291
173,arraial do cabo,-22.9661,-42.0278,21.77,83,99,5.02,BR,1728860292
174,whitehorse,60.7161,-135.0538,9.43,49,75,9.26,CA,1728860253
175,tejen,37.3834,60.5054,15.33,52,83,3.17,TM,1728860294
176,popondetta,-8.7537,148.2534,25.89,87,100,0.54,PG,1728860296
177,gisborne,-38.6533,178.0042,14.35,78,100,2.23,NZ,1728860297
178,dudinka,69.4058,86.1778,-0.29,91,100,8.51,RU,1728860298
179,wailua homesteads,22.0669,-159.378,28.44,70,20,5.66,US,1728860299
180,kazimierza wielka,50.2656,20.4936,9.03,70,27,8.57,PL,1728860300
181,vilyuchinsk,52.9306,158.4028,7.15,82,100,4.28,RU,1728860301
182,moree,-29.4667,149.85,15.66,80,100,5.93,AU,1728860302
183,mariental,-24.6333,17.9667,24.11,20,69,4.59,NA,1728860116
184,melfort,52.8667,-104.6177,10.07,46,95,2.57,CA,1728860305
185,weno,7.4515,151.8468,27.97,89,100,0.0,FM,1728860306
186,grand island,40.925,-98.342,16.97,32,0,6.69,US,1728860124
187,al bardiyah,31.7561,25.0865,22.2,85,0,5.46,LY,1728860308
188,portland,45.5234,-122.6762,25.56,48,40,0.89,US,1728860188
189,volodarskiy,46.4013,48.5409,4.23,56,45,5.78,RU,1728860310
190,praia da vitoria,38.7333,-27.0667,20.14,94,75,3.22,PT,1728860311
191,uturoa,-16.7333,-151.4333,24.94,67,62,7.47,PF,1728860313
192,santiago papasquiaro,25.046,-105.4208,24.88,21,0,2.42,MX,1728860314
193,cooma,-36.2333,149.1333,17.55,40,97,1.23,AU,1728860316
194,brisas de zicatela,15.8369,-97.0419,28.28,67,99,1.78,MX,1728860318
195,la passe,45.5549,-0.8967,18.13,83,34,3.55,FR,1728860319
196,maracaju,-21.6144,-55.1683,27.0,61,67,2.05,BR,1728860320
197,kristiansund,63.1115,7.732,4.51,93,75,0.51,NO,1728860321
198,errachidia,31.9275,-4.4285,19.03,77,20,4.63,MA,1728860322
199,colonia,50.9333,6.95,7.76,88,0,1.03,DE,1728860150
200,santa elena de uairen,4.6167,-61.1333,21.97,66,62,1.64,VE,1728860325
201,kolobrzeg,54.1757,15.5834,11.14,85,60,12.31,PL,1728860326
202,monteagudo,-19.8167,-63.9833,26.84,39,81,2.03,BO,1728860328
203,mendi,-6.1761,143.6513,14.94,95,100,0.69,PG,1728860329
204,polyarnyy,69.1989,33.4478,3.9,84,100,6.61,RU,1728860330
205,emerald,-23.5333,148.1667,22.18,58,100,6.32,AU,1728860331
206,imbituba,-28.24,-48.6703,17.74,82,64,4.91,BR,1728860333
207,elliot lake,46.3834,-82.6331,6.09,49,70,2.48,CA,1728860334
208,morris,40.8334,-74.5329,19.21,77,75,2.06,US,1728860187
209,quellon,-43.1167,-73.6167,9.95,89,97,2.24,CL,1728860336
210,nova sintra,14.8667,-24.7167,27.49,75,38,2.59,CV,1728860337
211,batang,-6.4846,110.7083,26.95,77,100,1.41,ID,1728860338
212,boende,-0.2167,20.8667,21.74,99,99,1.21,CD,1728860339
213,kodiak,57.79,-152.4072,8.73,81,100,7.2,US,1728860341
214,akureyri,65.6835,-18.0878,-12.04,92,0,2.06,IS,1728860342
215,badger,64.8,-147.5333,5.55,82,0,0.45,US,1728860343
216,corinto,37.9407,22.9573,19.94,84,12,0.85,GR,1728860344
217,hilo,19.7297,-155.09,28.94,73,40,5.14,US,1728860334
218,utrik,11.2278,169.8474,28.44,77,95,6.38,MH,1728860346
219,orchard homes,46.8633,-114.0484,22.55,37,0,1.54,US,1728860348
220,tazovsky,67.4667,78.7,1.7,85,83,11.34,RU,1728860349
221,soc trang,9.6033,105.98,25.75,90,100,1.97,VN,1728860350
222,berezovyy,51.6667,135.7,5.09,48,100,2.03,RU,1728860351
223,tralee,52.2704,-9.7026,9.26,98,94,2.04,IE,1728860352
224,port augusta,-32.5,137.7667,22.46,50,67,0.7,AU,1728860354
225,isheyevka,54.4167,48.2667,2.44,49,5,2.85,RU,1728860355
226,eirunepe,-6.6603,-69.8736,30.04,43,45,0.49,BR,1728860356
227,sassandra,4.95,-6.0833,22.79,92,100,2.84,CI,1728860357
228,tucuma,-0.1833,-50.05,27.47,74,99,5.73,BR,1728860358
229,ternate,0.8,127.4,27.71,76,17,1.17,ID,1728860359
230,charters towers,-20.1,146.2667,23.82,62,77,8.6,AU,1728860360
231,bhamo,24.2667,97.2333,21.4,94,20,0.53,MM,1728860362
232,luganville,-15.5333,167.1667,25.91,80,83,5.55,VU,1728860363
233,fort st. john,56.2499,-120.8529,20.94,35,75,6.17,CA,1728860364
234,tshikapa,-6.4167,20.8,22.66,77,93,1.1,CD,1728860365
235,ouesso,1.6136,16.0517,21.83,94,99,1.4,CG,1728860366
236,colby,39.3958,-101.0524,19.03,29,0,4.02,US,1728860367
237,kendari,-3.945,122.4989,25.53,89,70,0.63,ID,1728860369
238,karratha,-20.7377,116.8463,26.49,21,5,4.76,AU,1728860370
239,dryden,49.7833,-92.7503,5.16,81,100,3.09,CA,1728860371
240,dadhar,29.4753,67.6514,26.32,19,0,0.13,PK,1728860372
241,nagqu,31.5,92.0,-1.72,44,98,1.01,CN,1728860373
242,ibi,38.6253,-0.5723,20.33,80,77,2.67,ES,1728860374
243,beau vallon,-20.4189,57.6953,23.13,68,75,7.2,MU,1728860375
244,caleta de carquin,-11.0925,-77.6267,18.52,81,58,3.98,PE,1728860377
245,susuman,62.7833,148.1667,-9.16,96,99,0.94,RU,1728860378
246,wanning,18.8003,110.3967,25.27,90,40,3.04,CN,1728860379
247,nar'yan-mar,67.6713,53.087,1.24,94,70,6.43,RU,1728860380
248,vila franca do campo,37.7167,-25.4333,23.23,94,100,7.92,PT,1728860381
249,mukalla,14.5425,49.1242,27.74,61,63,0.77,YE,1728860382
250,laojunmiao,39.8333,97.7333,7.03,50,24,3.3,CN,1728860384
251,rifle,39.5347,-107.7831,25.77,10,99,0.89,US,1728860385
252,huarmey,-10.0681,-78.1522,18.4,83,78,3.73,PE,1728860386
253,betioky,-23.7167,44.3833,20.94,47,0,5.09,MG,1728860387
254,lautoka,-17.6167,177.4667,26.92,74,75,3.09,FJ,1728860388
255,misratah,32.3754,15.0925,23.57,71,4,2.9,LY,1728860389
256,newman,37.3138,-121.0208,27.25,50,0,2.68,US,1728860391
257,selfoss,63.9331,-20.9971,-0.53,43,71,4.83,IS,1728860393
258,moab,38.5733,-109.5498,29.72,18,100,4.75,US,1728860394
259,pitimbu,-7.4706,-34.8086,24.98,82,6,4.88,BR,1728860395
260,el calafate,-50.3408,-72.2768,8.44,75,54,3.83,AR,1728860396
261,elbasan,41.1125,20.0822,15.99,68,85,1.35,AL,1728860397
262,cadale,2.7603,46.3222,25.37,87,29,7.26,SO,1728860399
263,kaffrine,14.1059,-15.5508,25.54,74,42,3.35,SN,1728860400
264,cabo san lucas,22.8909,-109.9124,28.05,68,0,4.28,MX,1728860279
265,santiago,-33.4569,-70.6483,22.69,49,75,5.14,CL,1728859888
266,pacific grove,36.6177,-121.9166,21.34,93,75,3.6,US,1728860404
267,kavaratti,10.5669,72.642,26.53,83,95,2.78,IN,1728860406
268,zhob,31.3411,69.4481,19.39,28,0,0.59,PK,1728860407
269,crane,31.3974,-102.3501,32.88,11,2,7.1,US,1728860408
270,lashio,22.9333,97.75,17.65,99,64,0.49,MM,1728860409
271,mejit,10.2753,170.8646,28.58,77,54,6.77,MH,1728860411
272,port alfred,-33.5906,26.891,16.77,96,99,2.68,ZA,1728860413
273,punta arenas,-53.15,-70.9167,10.62,62,75,7.2,CL,1728860330
274,sandnessjoen,66.0217,12.6316,5.09,97,100,8.34,NO,1728860415
275,princeville,45.7668,-61.2985,10.39,79,0,5.14,CA,1728860417
276,asau,46.4333,26.4,9.76,71,100,3.08,RO,1728860418
277,santa terezinha,-29.9002,-50.0904,19.02,81,19,10.94,BR,1728860419
278,udachny,66.4167,112.4,-20.03,100,93,2.58,RU,1728860420
279,negara,-8.3151,114.6025,25.02,88,84,1.49,ID,1728860421
280,port blair,11.6667,92.75,26.02,94,75,2.06,IN,1728860422
281,korla,41.7597,86.1469,15.3,41,48,5.7,CN,1728860423
282,djibouti,11.5,42.5,26.82,64,7,2.93,DJ,1728860425
283,guarapuava,-25.3953,-51.4581,17.05,81,60,2.6,BR,1728860426
284,south hill,47.1412,-122.2701,23.27,57,0,2.06,US,1728860427
285,illizi,26.4833,8.4667,32.35,18,57,1.85,DZ,1728860428
286,pyriatyn,50.2445,32.5107,9.4,96,98,2.58,UA,1728860429
287,changleng,28.7,115.8167,20.6,71,50,2.48,CN,1728860431
288,constantia,44.1833,28.65,11.5,68,98,4.48,RO,1728860432
289,colgong,25.2667,87.2167,22.75,72,52,1.05,IN,1728860433
290,tagiura,32.8817,13.3506,23.7,73,2,5.0,LY,1728860434
291,nuuk,64.1835,-51.7216,1.34,86,75,3.09,GL,1728860144
292,pesqueira,-8.3578,-36.6964,20.55,72,1,5.88,BR,1728860437
293,juan griego,11.0817,-63.9655,32.07,62,32,7.2,VE,1728860438
294,remire-montjoly,4.9167,-52.2667,28.02,78,0,2.06,GF,1728860439
295,taltal,-25.4,-70.4833,17.27,75,28,2.59,CL,1728860441
296,tangalle,6.024,80.7911,24.36,90,100,5.35,LK,1728860444
297,san patricio,28.017,-97.5169,30.66,41,0,5.45,US,1728860445
298,augusta,48.3667,10.8833,8.39,93,100,0.51,DE,1728860446
299,urzhar,47.093,81.6294,10.69,74,100,1.49,KZ,1728860447
300,ancud,-41.8697,-73.8203,10.23,86,56,2.82,CL,1728860448
301,darfo boario terme,45.8835,10.1807,16.06,86,63,2.15,IT,1728860449
302,carnarvon,-24.8667,113.6333,18.76,73,0,5.74,AU,1728860451
303,lorengau,-2.0226,147.2712,30.15,64,95,4.38,PG,1728860453
304,adalaj,23.1667,72.5833,25.92,89,40,4.12,IN,1728860454
305,tura,25.5198,90.2201,20.09,92,3,1.66,IN,1728860455
306,metlili chaamba,32.2667,3.6333,23.52,50,0,2.06,DZ,1728860456
307,port lincoln,-34.7333,135.8667,16.57,78,0,6.71,AU,1728860368
308,eastham,41.8301,-69.9739,16.01,90,100,2.57,US,1728860458
309,salinopolis,-0.6136,-47.3561,27.22,81,54,7.09,BR,1728860460
310,buta,2.7858,24.73,20.64,94,64,1.19,CD,1728860461
311,chibougamau,49.9168,-74.3659,3.79,87,100,2.06,CA,1728860255
312,villa gesell,-37.2639,-56.973,15.23,87,33,5.55,AR,1728860463
313,kapuskasing,49.4169,-82.4331,6.05,61,20,4.12,CA,1728860465
314,keflavik,64.0049,-22.5624,-0.76,64,0,3.6,IS,1728860467
315,mont-joli,48.5839,-68.1921,7.72,66,40,3.6,CA,1728860468
316,siguiri,11.6667,-9.5,24.07,92,100,2.43,GN,1728860469
317,argo,37.6333,22.7333,19.96,86,13,1.08,GR,1728860470
318,margate,51.3813,1.3862,9.83,75,100,4.07,GB,1728860401
319,bensonville,6.4461,-10.6125,22.95,96,100,2.1,LR,1728860472
320,jabor,5.921,169.6434,29.46,72,31,6.12,MH,1728860474
321,fasa,28.9383,53.6482,15.58,33,0,2.06,IR,1728860475
322,morozovsk,48.3539,41.8261,4.22,49,99,9.18,RU,1728860476
323,alesund,62.4723,6.1549,7.09,83,75,2.57,NO,1728860391
324,al bawiti,28.3492,28.8659,25.94,33,0,2.28,EG,1728860478
325,sherman,33.6357,-96.6089,32.32,32,0,3.09,US,1728860479
326,tyukalinsk,55.8732,72.1967,-4.35,86,32,2.43,RU,1728860481
327,galle,6.0367,80.217,25.11,89,100,5.63,LK,1728860483
328,mezhdurechensk,53.6942,88.0603,-2.72,94,97,0.22,RU,1728860485
329,bayanaul,50.7889,75.6956,-6.44,63,6,2.34,KZ,1728860486
330,al kharijah,25.4514,30.5464,26.5,29,0,3.0,EG,1728860488
331,luderitz,-26.6481,15.1594,17.88,64,66,11.16,NA,1728860489
332,mayya,61.7333,130.2811,-5.47,85,100,1.11,RU,1728860490
333,minab,27.1467,57.0801,28.41,70,0,0.99,IR,1728860491
334,ulsteinvik,62.3432,5.8487,7.09,89,100,1.79,NO,1728860492
335,komsomol'sk,49.0097,33.6455,11.19,88,100,3.42,UA,1728860494
336,bairnsdale,-37.8333,147.6167,11.26,89,100,0.83,AU,1728860495
337,usogorsk,63.4106,48.6872,2.22,76,100,3.08,RU,1728860496
338,barmer,25.75,71.3833,25.76,58,32,1.26,IN,1728860497
339,kabalo,-6.05,26.9167,23.58,56,32,1.72,CD,1728860498
340,monze,-16.2833,27.4833,23.42,50,100,1.7,ZM,1728860499
341,turkmenabat,39.0733,63.5786,10.99,71,0,3.09,TM,1728860501
342,aktau,43.65,51.2,2.32,52,3,6.76,KZ,1728860502
343,acapulco de juarez,16.8634,-99.8901,25.92,75,40,3.03,MX,1728860405
344,labuan,5.2767,115.2417,26.2,100,20,0.0,MY,1728860504
345,rio grande,-32.035,-52.0986,17.93,79,23,8.47,BR,1728860306
346,holualoa,19.6228,-155.9522,26.97,75,11,0.89,US,1728860506
347,alaghsas,17.0187,8.0168,30.79,14,55,2.66,NE,1728860507
348,surgut,61.25,73.4167,0.1,69,40,4.0,RU,1728860509
349,le port,-20.9373,55.2919,21.9,81,9,2.9,RE,1728860510
350,haiku-pauwela,20.9219,-156.3051,29.54,66,9,7.6,US,1728860512
351,santa cruz,-17.8,-63.1667,33.03,52,29,4.12,BO,1728860513
352,glennville,31.9366,-81.9285,20.4,55,0,1.88,US,1728860514
353,tongren,27.7172,109.1853,17.0,95,100,0.72,CN,1728860471
354,umm kaddadah,13.6017,26.6876,30.99,28,81,1.24,SD,1728860518
355,livingston,55.9029,-3.5226,6.05,88,0,1.03,GB,1728860520
356,salida,37.7058,-121.0849,28.81,46,0,0.89,US,1728860521
357,antsiranana,-12.2787,49.2917,22.44,69,11,7.93,MG,1728860522
358,nelson bay,-32.7167,152.15,21.16,67,99,1.79,AU,1728860523
359,zeya,53.75,127.2667,1.91,70,100,1.9,RU,1728860524
360,paka,4.6374,103.4368,23.96,100,100,0.0,MY,1728860526
361,lazaro cardenas,17.9583,-102.2,28.32,76,56,3.31,MX,1728860240
362,primorsk,46.7348,36.3443,13.3,91,100,3.94,UA,1728860528
363,avila,40.5833,-5.0,12.34,77,65,1.75,ES,1728860529
364,northam,51.0333,-4.2167,9.78,93,100,9.18,GB,1728860530
365,sinabang,2.4803,96.3801,25.08,86,100,2.46,ID,1728860532
366,bani walid,31.7566,13.9942,21.94,77,2,2.83,LY,1728860534
367,piti village,13.4626,144.6933,30.03,82,40,2.57,GU,1728860535
368,katabu,-4.9333,122.5167,26.69,82,99,2.11,ID,1728860536
369,marvejols,44.5538,3.2914,12.53,96,5,1.01,FR,1728860537
370,pangai,-19.8,-174.35,28.06,74,75,1.03,TO,1728860538
371,santa marta,11.2408,-74.199,33.03,69,40,4.12,CO,1728859918
372,yuncheng,35.0231,110.9928,15.24,70,0,1.32,CN,1728860540
373,wajir,1.7471,40.0573,25.91,56,67,6.93,KE,1728860542
374,agat village,13.3886,144.6585,29.64,86,40,2.57,GU,1728860543
375,beyneu,45.3167,55.2,2.7,57,0,4.83,KZ,1728860544
376,laurel,39.0993,-76.8483,24.46,58,19,2.24,US,1728860546
377,usinsk,65.9939,57.5281,0.76,94,72,4.69,RU,1728860547
378,tosontsengel,48.7567,98.2839,-1.8,87,9,2.39,MN,1728860548
379,qaqortoq,60.7167,-46.0333,2.51,61,58,4.57,GL,1728860253
380,callao,-12.0667,-77.15,23.18,72,0,8.75,PE,1728860550
381,hansi,29.1,75.9667,24.47,26,100,1.09,IN,1728860551
382,juneau,58.3019,-134.4197,8.01,100,100,1.95,US,1728860491
383,dunedin,-45.8742,170.5036,12.11,60,2,1.79,NZ,1728860479
384,hami,42.8,93.45,13.28,38,8,4.1,CN,1728860555
385,kenai,60.5544,-151.2583,8.9,74,0,4.12,US,1728860556
386,wacheng,33.7833,114.5167,16.14,83,64,2.0,CN,1728860557
387,friedrichstadt,54.3757,9.0867,12.29,66,100,7.85,DE,1728860558
388,sao joao da barra,-21.6403,-41.0511,23.05,83,100,5.47,BR,1728860559
389,acaponeta,22.4964,-105.3594,31.48,61,3,3.24,MX,1728860561
390,lidkoping,58.5052,13.1577,9.12,96,96,0.52,SE,1728860562
391,revda,56.801,59.9303,-5.04,87,81,1.5,RU,1728860563
392,vila velha,-20.3297,-40.2925,23.97,90,40,5.14,BR,1728860556
393,porto novo,6.4965,2.6036,26.9,90,100,2.31,BJ,1728860565
394,ardestan,33.3761,52.3694,21.17,20,1,2.48,IR,1728860566
395,edmundston,47.3737,-68.3251,7.63,67,0,2.57,CA,1728860291
396,lockport,41.5895,-88.0578,14.47,52,75,7.72,US,1728860507
397,fort mcmurray,56.7268,-111.381,16.77,31,100,5.66,CA,1728860404
398,rio gallegos,-51.6226,-69.2181,16.03,29,20,14.4,AR,1728860340
399,lospalos,-8.5186,127.0025,25.66,69,100,2.45,TL,1728860572
400,caister-on-sea,52.6481,1.7265,6.62,64,100,1.41,GB,1728860573
401,bebedja,8.6761,16.566,21.55,93,89,1.51,TD,1728860574
402,cooper's town,26.8667,-77.5167,26.81,79,95,6.95,BS,1728860575
403,mirny,62.5353,113.9611,-9.75,91,89,3.48,RU,1728860577
404,gosaba,22.165,88.7998,24.61,81,62,1.75,IN,1728860578
405,arno,60.1167,18.6333,8.54,86,100,1.01,SE,1728860579
406,niquero,20.0431,-77.5828,28.89,77,64,2.83,CU,1728860581
407,midland,31.9974,-102.0779,34.03,11,0,2.57,US,1728860516
408,midvagur,62.0511,-7.1939,5.46,70,75,6.69,FO,1728860473
409,isangel,-19.55,169.2667,25.06,65,75,3.6,VU,1728860585
410,kidal,18.4411,1.4078,32.4,13,2,4.03,ML,1728860586
411,summerside,46.3959,-63.7876,11.07,62,100,0.0,CA,1728860587
412,fonte boa,-2.4959,-66.2662,28.1,53,87,1.06,BR,1728860589
413,ocean city,39.2776,-74.5746,20.66,77,4,6.26,US,1728860333
414,irymple,-34.25,142.1667,22.83,46,43,5.23,AU,1728860591
415,shangrao,28.4532,117.9686,21.22,84,4,1.42,CN,1728860592
416,wuyang,31.9925,116.2472,17.55,92,86,0.35,CN,1728860593
417,baikonur,45.6167,63.3167,3.05,88,93,5.98,KZ,1728860594
418,greenville,35.6127,-77.3663,21.01,54,0,3.09,US,1728860357
419,collie,-33.3667,116.15,13.12,90,13,1.46,AU,1728860597
420,kibre mengist,5.8833,38.9833,15.39,94,100,0.75,ET,1728860598
421,buffalo,42.8865,-78.8784,9.21,93,100,6.17,US,1728860379
422,lively,46.4334,-81.1498,7.23,64,5,3.97,CA,1728860600
423,nadym,65.5333,72.5167,-1.19,89,33,6.2,RU,1728860601
424,kingston,17.997,-76.7936,31.53,70,20,9.26,JM,1728860336
425,torbat-e heydariyeh,35.274,59.2195,15.88,34,4,1.78,IR,1728860604
426,lionel town,17.8101,-77.2406,28.03,76,75,3.52,JM,1728860605
427,el galpon,-25.3807,-64.6526,25.18,64,45,2.49,AR,1728860606
428,bubaque,11.2833,-15.8333,28.08,79,100,3.93,GW,1728860608
429,ilirska bistrica,45.5697,14.2408,12.55,81,99,1.36,SI,1728860610
430,kanniyakumari,8.0833,77.5667,25.62,86,100,3.4,IN,1728860611
431,togur,58.3631,82.8265,-2.24,64,89,4.01,RU,1728860612
432,el granada,37.5027,-122.4694,22.1,90,0,6.17,US,1728860613
433,tofol,5.3248,163.0078,30.88,66,75,2.06,FM,1728860614
434,dampit,-8.2116,112.7493,22.54,82,99,1.68,ID,1728860615
435,hobyo,5.3505,48.5268,25.3,85,82,8.5,SO,1728860616
436,weatherford,32.7593,-97.7972,34.32,23,0,1.34,US,1728860330
437,zhoushan,30.0108,122.2047,23.52,90,8,3.35,CN,1728860619
438,vladimiro-aleksandrovskoye,42.8944,133.0778,15.17,86,100,2.18,RU,1728860620
439,mana,5.6592,-53.7767,27.12,84,50,5.79,GF,1728860621
440,dalbandin,28.8947,64.4101,22.01,10,2,1.47,PK,1728860622
441,shingu,33.7333,135.9833,23.02,65,21,6.26,JP,1728860623
442,lesozavodsk,45.4794,133.4244,10.8,61,100,3.69,RU,1728860625
443,nosy varika,-20.5833,48.5333,18.34,82,43,1.81,MG,1728860626
444,paradip garh,20.3167,86.6167,25.24,83,91,2.03,IN,1728860627
445,riverton,40.5219,-111.9391,28.7,22,0,5.66,US,1728860628
446,jinshi,29.6049,111.8701,17.04,94,82,1.01,CN,1728860629
447,flin flon,54.7682,-101.865,5.91,70,75,1.03,CA,1728860630
448,fort bragg,35.139,-79.006,21.75,63,0,4.2,US,1728860631
449,al qaryatayn,34.2296,37.2407,20.11,54,71,0.87,SY,1728860633
450,gantang,26.92,119.6333,20.69,92,42,1.07,CN,1728860635
451,anzio,41.4853,12.6179,17.93,82,30,3.52,IT,1728860636
452,buzuluk,52.7807,52.2635,0.55,50,0,1.45,RU,1728860638
453,salahonda,2.1019,-78.7217,25.83,83,100,5.7,CO,1728860639
454,reichertshofen,48.6577,11.4661,6.25,77,75,2.06,DE,1728860640
455,siocon,7.7061,122.1353,27.38,83,83,1.43,PH,1728860641
456,dunda,-8.1167,34.25,19.84,52,39,0.92,TZ,1728860642
457,neryungri,56.6709,124.6491,-6.72,87,100,4.2,RU,1728860637
458,port moresby,-9.4431,147.1797,26.68,78,40,1.54,PG,1728860644
459,las tablas,7.7667,-80.2833,27.32,99,100,2.28,PA,1728860646
460,leck,54.7669,8.9785,10.02,84,92,8.07,DE,1728860647
461,iwon-up,40.3231,128.6553,17.2,78,100,1.55,KP,1728860648
462,tauranga,-37.6861,176.1667,15.85,76,100,0.89,NZ,1728860649
463,flying fish cove,-10.4217,105.6791,25.82,88,100,4.12,CX,1728860650
464,kawm umbu,24.4767,32.9463,29.07,26,0,3.6,EG,1728860651
465,childress,34.4264,-100.204,29.84,19,12,5.58,US,1728860524
466,langxiang,46.95,128.8833,11.18,81,100,2.21,CN,1728860654
467,pangody,65.85,74.4859,-0.75,90,20,7.08,RU,1728860655
468,namibe,-15.1961,12.1522,20.23,89,68,1.57,AO,1728860656
469,prince rupert,54.3161,-130.3201,11.05,92,0,3.6,CA,1728860505
470,krasnoshchekovo,51.6708,82.7289,-4.47,87,11,2.19,RU,1728860660
471,uvinza,-5.1036,30.3911,24.43,51,86,1.06,TZ,1728860661
472,francistown,-21.17,27.5079,22.23,32,1,3.76,BW,1728860662
473,alibag,18.6411,72.8792,26.71,85,78,1.88,IN,1728860663
474,bridgewater,44.3835,-64.5155,10.38,78,17,0.45,CA,1728860665
475,sai buri,6.7013,101.6168,26.09,93,100,1.09,TH,1728860666
476,hinckley,52.5389,-1.3761,7.41,85,100,2.29,GB,1728860426
477,delijan,33.9905,50.6838,20.94,22,7,1.15,IR,1728860610
478,alo,6.5486,4.2686,24.82,88,100,4.3,NG,1728860669
479,'ain boucif,35.8912,3.1585,19.86,51,85,2.39,DZ,1728860670
480,guiuan,11.0333,125.7247,29.18,72,100,3.05,PH,1728860672
481,kruisfontein,-34.0033,24.7314,14.61,83,62,6.58,ZA,1728860673
482,maracaibo,10.6317,-71.6406,29.18,73,87,4.34,VE,1728860645
483,uklana,29.5167,75.8667,22.64,28,63,2.05,IN,1728860675
484,uthai thani,15.3833,99.55,23.78,91,91,1.23,TH,1728860676
485,boa vista,2.8197,-60.6733,31.99,48,40,3.09,BR,1728860679
486,beya,53.0533,90.9139,-6.67,91,22,1.14,RU,1728860680
487,aginskoye,51.1,114.53,-0.93,77,100,6.97,RU,1728860681
488,nadi,-17.8,177.4167,27.0,78,100,3.09,FJ,1728860682
489,sezze,41.5033,13.0641,16.29,78,59,1.34,IT,1728860683
490,belyy yar,53.6039,91.3903,-3.06,74,75,0.0,RU,1728860685
491,bilohirsk,45.05,34.6,13.4,76,100,3.48,UA,1728860686
492,phek,25.6667,94.5,13.92,100,38,0.61,IN,1728860687
493,manismata,-2.4667,111.0333,23.64,98,100,0.31,ID,1728860688
494,ta`u,-14.2336,-169.5144,26.89,78,78,7.04,AS,1728860689
495,nizhnesortymskiy,62.4397,71.7603,0.37,85,100,4.52,RU,1728860690
496,yanchep,-31.55,115.6833,16.8,72,25,0.26,AU,1728860692
497,caraballeda,10.6112,-66.8522,30.04,70,62,4.63,VE,1728860693
498,lucapa,-8.4192,20.7447,22.21,61,86,1.36,AO,1728860694
499,yinchuan,38.4681,106.2731,15.71,43,58,2.49,CN,1728860695
500,kachug,53.9606,105.8817,-9.55,90,99,1.16,RU,1728860696
501,siwa oasis,29.2041,25.5195,26.38,53,1,4.43,EG,1728860698
502,taitung city,22.7583,121.1444,23.15,88,40,2.06,TW,1728860699
503,khomeyn,33.6423,50.0789,15.86,29,0,2.19,IR,1728860700
504,elliot,-31.3333,27.85,16.47,59,0,0.44,ZA,1728860701
505,dara,15.3484,-15.4799,26.77,73,100,4.65,SN,1728860549
506,rabkavi,16.4667,75.1,23.55,81,72,2.3,IN,1728860703
507,cleveland,41.4995,-81.6954,15.21,92,100,5.14,US,1728860660
508,rikaze,29.25,88.8833,5.77,50,0,1.79,CN,1728860706
509,keren,15.7778,38.4581,22.29,38,1,2.6,ER,1728860707
510,colares,38.7992,-9.4469,20.44,83,33,3.01,PT,1728860708
511,coxim,-18.5067,-54.76,30.55,46,18,3.53,BR,1728860709
512,extrema,-22.8547,-46.3183,16.91,92,91,3.33,BR,1728860710
513,el sauzal de rodriguez,31.9,-116.6833,20.23,85,24,1.81,MX,1728860711
514,papao,-17.75,-149.55,26.82,76,38,6.62,PF,1728860713
515,walvis bay,-22.9575,14.5053,16.53,77,76,5.14,NA,1728860714
516,livani,56.3543,26.1758,6.06,93,90,2.39,LV,1728860715
517,buon ma thuot,12.6667,108.05,20.34,95,96,1.1,VN,1728860508
518,buka,40.8108,69.1986,12.52,82,100,1.14,UZ,1728860717
519,muisne,0.6,-80.0333,24.03,84,100,4.12,EC,1728860718
520,magadan,59.5667,150.8,1.79,89,55,1.59,RU,1728860719
521,tibati,6.4667,12.6333,19.01,97,99,1.25,CM,1728860721
522,mahibadhoo,3.7833,72.9667,27.49,80,91,7.06,MV,1728860722
523,colchani,-20.3,-66.9333,15.26,29,56,5.11,BO,1728860723
524,summerland,49.5998,-119.6691,17.1,34,75,4.12,CA,1728860508
525,zelenoborskiy,66.845,32.3622,4.53,95,100,2.48,RU,1728860725
526,ola,59.5833,151.2833,2.09,83,46,1.87,RU,1728860727
527,wewak,-3.5534,143.6268,27.92,79,98,2.15,PG,1728860728
528,al jawf,29.5,38.75,22.51,36,0,1.58,SA,1728860729
529,korsholm,63.1142,21.6822,4.44,100,100,3.13,FI,1728860731
530,cockburn town,21.4612,-71.1419,28.98,84,40,3.09,TC,1728860732
531,la mira,18.035,-102.3266,28.04,78,57,2.87,MX,1728860733
532,san lorenzo de esmeraldas,1.2883,-78.8369,25.2,86,100,3.81,EC,1728860734
533,newport beach,33.6189,-117.9289,25.19,62,0,4.12,US,1728860736
534,pauini,-7.7136,-66.9764,31.88,35,54,1.38,BR,1728860737
535,howard springs,-12.497,131.047,29.93,81,41,2.79,AU,1728860738
536,khandyga,62.6667,135.6,-6.93,86,100,0.96,RU,1728860739
537,mitsamiouli,-11.3847,43.2844,25.09,81,5,1.93,KM,1728860742
538,kosti,13.1629,32.6635,29.65,50,7,3.67,SD,1728860743
539,saint-pierre,-21.3393,55.4781,21.82,68,0,6.17,RE,1728860744
540,lompoc,34.6391,-120.4579,18.96,83,0,2.68,US,1728860745
541,lannemezan,43.1252,0.384,16.42,64,29,2.0,FR,1728860746
542,xinyu,27.8043,114.9334,20.73,71,31,2.23,CN,1728860748
543,luang prabang,19.8856,102.1347,22.52,90,58,0.4,LA,1728860749
544,ouargaye,11.5033,0.0572,26.47,70,28,4.0,BF,1728860750
545,sitka,57.0531,-135.33,10.94,76,100,5.66,US,1728860751
546,tanjung pandan,-2.75,107.65,25.68,83,100,1.27,ID,1728860753
547,saguenay,48.4168,-71.0657,7.27,70,75,3.6,CA,1728860755
548,saint-philippe,-21.3585,55.7679,20.88,72,45,5.19,RE,1728860756
549,samba,32.5667,75.1167,20.4,46,0,1.44,IN,1728860758
550,sona,45.4388,10.8255,12.69,98,0,1.54,IT,1728860759
551,faya-largeau,17.9257,19.1043,30.06,15,64,5.43,TD,1728860534
552,saryozek,44.3583,77.9753,9.47,70,97,2.45,KZ,1728860763
553,inarajan village,13.2736,144.7484,29.66,87,89,3.2,GU,1728860764
554,ebon,4.582,168.6964,29.37,73,96,6.13,MH,1728860765
555,konarka,19.9,86.1167,25.93,81,59,1.84,IN,1728860766
556,seven pagodas,12.6264,80.1722,26.09,84,97,3.08,IN,1728860768
557,kirakira,-10.4544,161.9205,28.83,75,59,4.4,SB,1728860769
558,pullman,46.7313,-117.1796,22.77,34,0,1.54,US,1728860751
559,sittwe,20.15,92.9,26.48,87,49,1.93,MM,1728860771
560,obock,12.25,43.0833,25.64,57,10,0.44,DJ,1728860772
561,minas de marcona,-15.2119,-75.1103,15.63,68,10,6.23,PE,1728860774
562,sarangani,5.4033,125.4636,29.23,74,64,6.09,PH,1728860775
563,amalapuram,16.5833,82.0167,24.33,96,99,1.32,IN,1728860776
564,caminauit,12.3314,121.0825,27.62,76,49,1.28,PH,1728860777
565,long beach,33.767,-118.1892,23.41,74,0,7.2,US,1728860485
566,la mojonera,37.2923,-2.4373,15.67,82,59,0.57,ES,1728860779
567,okhotsk,59.3833,143.3,1.4,72,50,2.59,RU,1728860780
568,lagunas,-5.2269,-75.6753,28.83,58,92,1.17,PE,1728860782
569,ukhta,63.5671,53.6835,0.71,83,100,2.4,RU,1728860783
570,say,13.1007,2.3689,29.23,63,100,4.05,NE,1728860785
571,peterhead,57.5058,-1.7981,7.53,60,100,4.84,GB,1728860711
572,cabedelo,-6.9811,-34.8339,26.37,82,5,5.0,BR,1728860788
